-- phpMyAdmin SQL Dump
-- version 4.9.7
-- https://www.phpmyadmin.net/
--
-- Хост: localhost:3306
-- Время создания: Фев 09 2022 г., 23:17
-- Версия сервера: 5.7.35-cll-lve
-- Версия PHP: 7.3.28

SET SQL_MODE = "NO_AUTO_VALUE_ON_ZERO";
SET AUTOCOMMIT = 0;
START TRANSACTION;
SET time_zone = "+00:00";


/*!40101 SET @OLD_CHARACTER_SET_CLIENT=@@CHARACTER_SET_CLIENT */;
/*!40101 SET @OLD_CHARACTER_SET_RESULTS=@@CHARACTER_SET_RESULTS */;
/*!40101 SET @OLD_COLLATION_CONNECTION=@@COLLATION_CONNECTION */;
/*!40101 SET NAMES utf8mb4 */;

--
-- База данных: `d91808_Hourdatadb`
--
CREATE DATABASE IF NOT EXISTS `d91808_Hourdatadb` DEFAULT CHARACTER SET latin1 COLLATE latin1_swedish_ci;
USE `d91808_Hourdatadb`;

-- --------------------------------------------------------

--
-- Структура таблицы `HourdataGROM`
--

CREATE TABLE `HourdataGROM` (
  `Hour` text NOT NULL,
  `Data25` float NOT NULL,
  `DataC02` float NOT NULL
) ENGINE=InnoDB DEFAULT CHARSET=latin1;

--
-- Дамп данных таблицы `HourdataGROM`
--

INSERT INTO `HourdataGROM` (`Hour`, `Data25`, `DataC02`) VALUES
('2022-02-06 02:00:00', 8, 69),
('2022-02-06 03:00:00', 9, 77),
('2022-02-06 04:00:00', 19, 78),
('2022-02-06 05:00:00', 8, 70),
('2022-02-06 06:00:00', 9, 77),
('2022-02-06 07:00:00', 9, 76),
('2022-02-06 08:00:00', 8, 76),
('2022-02-06 09:00:00', 10, 77),
('2022-02-06 10:00:00', 16, 77),
('2022-02-06 11:00:00', 14, 72),
('2022-02-06 12:00:00', 9, 72),
('2022-02-06 13:00:00', 14, 80),
('2022-02-06 14:00:00', 8, 79),
('2022-02-06 15:00:00', 10, 79),
('2022-02-06 16:00:00', 9, 79),
('2022-02-06 17:00:00', 15, 79),
('2022-02-06 18:00:00', 12, 72),
('2022-02-06 19:00:00', 8, 74),
('2022-02-06 20:00:00', 9, 78),
('2022-02-06 21:00:00', 8, 78),
('2022-02-06 22:00:00', 8, 70),
('2022-02-06 23:00:00', 20, 69),
('2022-02-07 00:00:00', 17, 70),
('2022-02-07 01:00:00', 8, 70),
('2022-02-07 02:00:00', 17, 70),
('2022-02-07 03:00:00', 8, 70),
('2022-02-07 04:00:00', 8, 77),
('2022-02-07 05:00:00', 12, 70),
('2022-02-07 06:00:00', 9, 80),
('2022-02-07 07:00:00', 8, 80),
('2022-02-07 08:00:00', 9, 81),
('2022-02-07 09:00:00', 18, 81),
('2022-02-07 10:00:00', 9, 75),
('2022-02-07 11:00:00', 10, 81),
('2022-02-07 12:00:00', 13, 81),
('2022-02-07 13:00:00', 14, 82),
('2022-02-07 14:00:00', 15, 76),
('2022-02-07 15:00:00', 17, 86),
('2022-02-07 16:00:00', 16, 77),
('2022-02-07 17:00:00', 9, 85),
('2022-02-07 18:00:00', 8, 77),
('2022-02-07 19:00:00', 8, 85),
('2022-02-07 20:00:00', 17, 77),
('2022-02-07 21:00:00', 20, 85),
('2022-02-07 22:00:00', 8, 77),
('2022-02-07 23:00:00', 8, 84),
('2022-02-08 00:00:00', 8, 77),
('2022-02-08 01:00:00', 9, 84),
('2022-02-08 02:00:00', 9, 85),
('2022-02-08 03:00:00', 9, 84),
('2022-02-08 04:00:00', 8, 85),
('2022-02-08 05:00:00', 8, 81),
('2022-02-08 06:00:00', 8, 84),
('2022-02-08 07:00:00', 15, 84),
('2022-02-08 08:00:00', 9, 84),
('2022-02-08 09:00:00', 8, 85),
('2022-02-08 10:00:00', 8, 84),
('2022-02-08 11:00:00', 8, 85),
('2022-02-08 12:00:00', 8, 85),
('2022-02-08 13:00:00', 16, 77),
('2022-02-08 14:00:00', 16, 85),
('2022-02-08 15:00:00', 15, 77),
('2022-02-08 16:00:00', 17, 82),
('2022:02:08 17:00', 9, 75),
('2022:02:08 18:00', 8, 81),
('2022:02:08 19:00', 9, 81),
('2022:02:08 20:00', 10, 81),
('2022:02:08 21:00', 9, 81),
('2022:02:08 22:00', 8, 80),
('2022:02:08 23:00', 8, 79),
('2022:02:09 00:00', 16, 72),
('2022:02:09 01:00', 8, 69),
('2022:02:09 02:00', 8, 77),
('2022:02:09 03:00', 8, 77),
('2022:02:09 04:00', 9, 77),
('2022:02:09 05:00', 15, 69),
('2022:02:09 06:00', 9, 74),
('2022:02:09 07:00', 17, 80),
('2022:02:09 08:00', 8, 78),
('2022:02:09 09:00', 9, 80),
('2022:02:09 10:00', 8, 80),
('2022:02:09 11:00', 10, 75),
('2022:02:09 12:00', 9, 76),
('2022:02:09 13:00', 8, 81),
('2022:02:09 14:00', 14, 82),
('2022:02:09 15:00', 8, 84),
('2022:02:09 16:00', 9, 85),
('2022:02:09 17:00', 8, 86),
('2022:02:09 18:00', 8, 85),
('2022:02:09 19:00', 18, 84),
('2022:02:09 20:00', 8, 86),
('2022:02:09 21:00', 12, 85),
('2022:02:09 22:00', 20, 77),
('2022:02:09 23:00', 17, 76);

-- --------------------------------------------------------

--
-- Структура таблицы `HourdataPetrYur`
--

CREATE TABLE `HourdataPetrYur` (
  `Hour` text NOT NULL,
  `Data25` float NOT NULL,
  `DataC02` float NOT NULL
) ENGINE=InnoDB DEFAULT CHARSET=latin1;

--
-- Дамп данных таблицы `HourdataPetrYur`
--

INSERT INTO `HourdataPetrYur` (`Hour`, `Data25`, `DataC02`) VALUES
('2022:02:06 02:00', 28, 99),
('2022:02:06 03:00', 28, 99),
('2022:02:06 04:00', 28, 99),
('2022:02:06 05:00', 28, 99),
('2022:02:06 06:00', 28, 99),
('2022:02:06 07:00', 28, 99),
('2022:02:06 08:00', 28, 99),
('2022:02:06 09:00', 28, 99),
('2022:02:06 10:00', 28, 99),
('2022:02:06 11:00', 28, 99),
('2022:02:06 12:00', 28, 99),
('2022:02:06 13:00', 28, 99),
('2022:02:06 14:00', 28, 99),
('2022:02:06 15:00', 28, 99),
('2022:02:06 16:00', 28, 99),
('2022:02:06 17:00', 28, 99),
('2022:02:06 18:00', 28, 99),
('2022:02:06 19:00', 28, 99),
('2022:02:06 20:00', 28, 99),
('2022:02:06 21:00', 28, 99),
('2022:02:06 22:00', 28, 99),
('2022:02:06 23:00', 28, 99),
('2022:02:07 00:00', 28, 99),
('2022:02:07 01:00', 28, 99),
('2022:02:07 02:00', 28, 99),
('2022:02:07 03:00', 28, 99),
('2022:02:07 04:00', 28, 99),
('2022:02:07 05:00', 28, 99),
('2022:02:07 06:00', 28, 99),
('2022:02:07 07:00', 28, 99),
('2022:02:07 08:00', 28, 99),
('2022:02:07 09:00', 28, 99),
('2022:02:07 10:00', 28, 99),
('2022:02:07 11:00', 28, 99),
('2022:02:07 12:00', 28, 99),
('2022:02:07 13:00', 28, 99),
('2022:02:07 14:00', 28, 99),
('2022:02:07 15:00', 28, 99),
('2022:02:07 16:00', 28, 99),
('2022:02:07 17:00', 28, 99),
('2022:02:07 18:00', 28, 99),
('2022:02:07 19:00', 28, 99),
('2022:02:07 20:00', 28, 99),
('2022:02:07 21:00', 28, 99),
('2022:02:07 22:00', 28, 99),
('2022:02:07 23:00', 28, 99),
('2022:02:08 00:00', 28, 99),
('2022:02:08 01:00', 28, 99),
('2022:02:08 02:00', 28, 99),
('2022:02:08 03:00', 28, 99),
('2022:02:08 04:00', 28, 99),
('2022:02:08 05:00', 28, 99),
('2022:02:08 06:00', 28, 99),
('2022:02:08 07:00', 28, 99),
('2022:02:08 08:00', 28, 99),
('2022:02:08 09:00', 28, 99),
('2022:02:08 10:00', 28, 99),
('2022:02:08 11:00', 28, 99),
('2022:02:08 12:00', 28, 99),
('2022:02:08 13:00', 28, 99),
('2022:02:08 14:00', 28, 99),
('2022:02:08 15:00', 28, 99),
('2022:02:08 16:00', 28, 99),
('2022:02:08 17:00', 28, 99),
('2022:02:08 18:00', 28, 99),
('2022:02:08 19:00', 28, 99),
('2022:02:08 20:00', 28, 99),
('2022:02:08 21:00', 28, 99),
('2022:02:08 22:00', 28, 99),
('2022:02:08 23:00', 28, 99),
('2022:02:09 00:00', 28, 99),
('2022:02:09 01:00', 28, 99),
('2022:02:09 02:00', 28, 99),
('2022:02:09 03:00', 28, 99),
('2022:02:09 04:00', 28, 99),
('2022:02:09 05:00', 28, 99),
('2022:02:09 06:00', 28, 99),
('2022:02:09 07:00', 28, 99),
('2022:02:09 08:00', 28, 99),
('2022:02:09 09:00', 28, 99),
('2022:02:09 10:00', 221, 335),
('2022:02:09 11:00', 12, 9),
('2022:02:09 12:00', 17, 10),
('2022:02:09 13:00', 13, 11),
('2022:02:09 16:00', 10, 41),
('2022:02:09 17:00', 4, 32),
('2022:02:09 18:00', 8, 41),
('2022:02:09 19:00', 10, 41),
('2022:02:09 20:00', 10, 41),
('2022:02:09 21:00', 9, 40),
('2022:02:09 22:00', 10, 38),
('2022:02:09 23:00', 10, 28);

-- --------------------------------------------------------

--
-- Структура таблицы `HourdataPushk`
--

CREATE TABLE `HourdataPushk` (
  `Hour` text NOT NULL,
  `Data25` float NOT NULL,
  `DataC02` float NOT NULL
) ENGINE=InnoDB DEFAULT CHARSET=latin1;

--
-- Дамп данных таблицы `HourdataPushk`
--

INSERT INTO `HourdataPushk` (`Hour`, `Data25`, `DataC02`) VALUES
('2022:02:06 02:00', 10, 85),
('2022:02:06 03:00', 10, 84),
('2022:02:06 04:00', 9, 82),
('2022:02:06 05:00', 9, 81),
('2022:02:06 06:00', 9, 84),
('2022:02:06 07:00', 9, 80),
('2022:02:06 08:00', 9, 77),
('2022:02:06 09:00', 9, 80),
('2022:02:06 10:00', 9, 85),
('2022:02:06 11:00', 9, 81),
('2022:02:06 12:00', 8, 76),
('2022:02:06 13:00', 9, 78),
('2022:02:06 14:00', 4, 80),
('2022:02:06 15:00', 9, 81),
('2022:02:06 16:00', 10, 84),
('2022:02:06 17:00', 10, 85),
('2022:02:06 18:00', 9, 85),
('2022:02:06 19:00', 8, 82),
('2022:02:06 20:00', 9, 84),
('2022:02:06 21:00', 4, 84),
('2022:02:06 22:00', 9, 79),
('2022:02:06 23:00', 9, 81),
('2022:02:07 00:00', 9, 85),
('2022:02:07 01:00', 5, 86),
('2022:02:07 02:00', 9, 84),
('2022:02:07 03:00', 9, 84),
('2022:02:07 04:00', 9, 82),
('2022:02:07 05:00', 9, 75),
('2022:02:07 06:00', 9, 80),
('2022:02:07 07:00', 9, 81),
('2022:02:07 08:00', 9, 78),
('2022:02:07 09:00', 9, 79),
('2022:02:07 10:00', 9, 79),
('2022:02:07 11:00', 9, 78),
('2022:02:07 12:00', 9, 79),
('2022:02:07 13:00', 8, 79),
('2022:02:07 14:00', 3, 81),
('2022:02:07 15:00', 9, 78),
('2022:02:07 16:00', 3, 77),
('2022:02:07 17:00', 9, 79),
('2022:02:07 18:00', 9, 77),
('2022:02:07 19:00', 4, 79),
('2022:02:07 20:00', 9, 78),
('2022:02:07 21:00', 9, 80),
('2022:02:07 22:00', 9, 80),
('2022:02:07 23:00', 4, 79),
('2022:02:08 00:00', 10, 84),
('2022:02:08 01:00', 9, 82),
('2022:02:08 02:00', 9, 82),
('2022:02:08 03:00', 9, 85),
('2022:02:08 04:00', 10, 81),
('2022:02:08 05:00', 9, 84),
('2022:02:08 06:00', 10, 85),
('2022:02:08 07:00', 9, 78),
('2022:02:08 08:00', 9, 82),
('2022:02:08 09:00', 4, 86),
('2022:02:08 10:00', 10, 89),
('2022:02:08 11:00', 9, 85),
('2022:02:08 12:00', 9, 80),
('2022:02:08 13:00', 9, 81),
('2022:02:08 14:00', 5, 82),
('2022:02:08 15:00', 10, 85),
('2022:02:08 16:00', 9, 78),
('2022:02:08 17:00', 10, 84),
('2022:02:08 18:00', 10, 89),
('2022:02:08 19:00', 7, 90),
('2022:02:08 20:00', 12, 88),
('2022:02:08 21:00', 12, 89),
('2022:02:08 22:00', 9, 80),
('2022:02:08 23:00', 10, 86),
('2022:02:09 00:00', 5, 86),
('2022:02:09 01:00', 4, 78),
('2022:02:09 02:00', 10, 86),
('2022:02:09 03:00', 10, 81),
('2022:02:09 04:00', 9, 81),
('2022:02:09 05:00', 9, 84),
('2022:02:09 06:00', 9, 82),
('2022:02:09 07:00', 9, 76),
('2022:02:09 08:00', 9, 82),
('2022:02:09 09:00', 9, 82),
('2022:02:09 10:00', 8, 75),
('2022:02:09 11:00', 10, 84),
('2022:02:09 12:00', 10, 84),
('2022:02:09 13:00', 10, 84),
('2022:02:09 14:00', 10, 84),
('2022:02:09 15:00', 10, 84),
('2022:02:09 16:00', 9, 78),
('2022:02:09 17:00', 8, 81),
('2022:02:09 18:00', 9, 78),
('2022:02:09 19:00', 9, 80),
('2022:02:09 20:00', 9, 80),
('2022:02:09 21:00', 9, 82),
('2022:02:09 22:00', 9, 80),
('2022:02:09 23:00', 9, 80);

-- --------------------------------------------------------

--
-- Структура таблицы `HourdataShev`
--

CREATE TABLE `HourdataShev` (
  `Hour` text NOT NULL,
  `Data25` float NOT NULL,
  `DataC02` float NOT NULL
) ENGINE=InnoDB DEFAULT CHARSET=latin1;

--
-- Дамп данных таблицы `HourdataShev`
--

INSERT INTO `HourdataShev` (`Hour`, `Data25`, `DataC02`) VALUES
('2022:02:06 02:00', 21, 129),
('2022:02:06 03:00', 21, 129),
('2022:02:06 04:00', 21, 129),
('2022:02:06 05:00', 21, 129),
('2022:02:06 06:00', 21, 129),
('2022:02:06 07:00', 21, 129),
('2022:02:06 08:00', 21, 129),
('2022:02:06 09:00', 21, 129),
('2022:02:06 10:00', 21, 129),
('2022:02:06 11:00', 21, 129),
('2022:02:06 12:00', 21, 129),
('2022:02:06 13:00', 21, 129),
('2022:02:06 14:00', 21, 129),
('2022:02:06 15:00', 21, 129),
('2022:02:06 16:00', 21, 129),
('2022:02:06 17:00', 21, 129),
('2022:02:06 18:00', 21, 129),
('2022:02:06 19:00', 21, 129),
('2022:02:06 20:00', 21, 129),
('2022:02:06 21:00', 21, 129),
('2022:02:06 22:00', 21, 129),
('2022:02:06 23:00', 21, 129),
('2022:02:07 00:00', 21, 129),
('2022:02:07 01:00', 21, 129),
('2022:02:07 02:00', 21, 129),
('2022:02:07 03:00', 21, 129),
('2022:02:07 04:00', 21, 129),
('2022:02:07 05:00', 21, 129),
('2022:02:07 06:00', 21, 129),
('2022:02:07 07:00', 21, 129),
('2022:02:07 08:00', 21, 129),
('2022:02:07 09:00', 21, 129),
('2022:02:07 10:00', 21, 129),
('2022:02:07 11:00', 21, 129),
('2022:02:07 12:00', 21, 129),
('2022:02:07 13:00', 21, 129),
('2022:02:07 14:00', 21, 129),
('2022:02:07 15:00', 21, 129),
('2022:02:07 16:00', 21, 129),
('2022:02:07 17:00', 21, 129),
('2022:02:07 18:00', 21, 129),
('2022:02:07 19:00', 21, 129),
('2022:02:07 20:00', 21, 129),
('2022:02:07 21:00', 21, 129),
('2022:02:07 22:00', 21, 129),
('2022:02:07 23:00', 21, 129),
('2022:02:08 00:00', 21, 129),
('2022:02:08 01:00', 21, 129),
('2022:02:08 02:00', 21, 129),
('2022:02:08 03:00', 21, 129),
('2022:02:08 04:00', 21, 129),
('2022:02:08 05:00', 21, 129),
('2022:02:08 06:00', 21, 129),
('2022:02:08 07:00', 21, 129),
('2022:02:08 08:00', 21, 129),
('2022:02:08 09:00', 21, 129),
('2022:02:08 10:00', 21, 129),
('2022:02:08 11:00', 21, 129),
('2022:02:08 12:00', 21, 129),
('2022:02:08 13:00', 21, 129),
('2022:02:08 14:00', 21, 129),
('2022:02:08 15:00', 21, 129),
('2022:02:08 16:00', 21, 129),
('2022:02:08 17:00', 21, 129),
('2022:02:08 18:00', 21, 129),
('2022:02:08 19:00', 21, 129),
('2022:02:08 20:00', 21, 129),
('2022:02:08 21:00', 21, 129),
('2022:02:08 22:00', 21, 129),
('2022:02:08 23:00', 21, 129),
('2022:02:09 00:00', 21, 129),
('2022:02:09 01:00', 21, 129),
('2022:02:09 02:00', 21, 129),
('2022:02:09 03:00', 21, 129),
('2022:02:09 04:00', 21, 129),
('2022:02:09 05:00', 21, 129),
('2022:02:09 06:00', 21, 129),
('2022:02:09 07:00', 21, 129),
('2022:02:09 08:00', 21, 129),
('2022:02:09 09:00', 21, 129),
('2022:02:09 10:00', 214, 365),
('2022:02:09 11:00', 5, 39),
('2022:02:09 12:00', 10, 40),
('2022:02:09 13:00', 6, 41),
('2022:02:09 14:00', 9, 39),
('2022:02:09 15:00', 10, 40),
('2022:02:09 16:00', 10, 41),
('2022:02:09 17:00', 4, 32),
('2022:02:09 18:00', 8, 41),
('2022:02:09 19:00', 10, 41),
('2022:02:09 20:00', 10, 41),
('2022:02:09 21:00', 9, 40),
('2022:02:09 22:00', 10, 38),
('2022:02:09 23:00', 10, 28);

-- --------------------------------------------------------

--
-- Структура таблицы `HourdataSkilny`
--

CREATE TABLE `HourdataSkilny` (
  `Hour` text NOT NULL,
  `Data25` float NOT NULL,
  `DataC02` float NOT NULL
) ENGINE=InnoDB DEFAULT CHARSET=latin1;

--
-- Дамп данных таблицы `HourdataSkilny`
--

INSERT INTO `HourdataSkilny` (`Hour`, `Data25`, `DataC02`) VALUES
('2022:02:06 02:00', 18, 99),
('2022:02:06 03:00', 17, 97),
('2022:02:06 04:00', 18, 97),
('2022:02:06 05:00', 22, 97),
('2022:02:06 06:00', 18, 96),
('2022:02:06 07:00', 18, 96),
('2022:02:06 08:00', 18, 94),
('2022:02:06 09:00', 18, 100),
('2022:02:06 10:00', 17, 97),
('2022:02:06 11:00', 25, 100),
('2022:02:06 12:00', 18, 98),
('2022:02:06 13:00', 18, 99),
('2022:02:06 14:00', 17, 98),
('2022:02:06 15:00', 18, 90),
('2022:02:06 16:00', 19, 97),
('2022:02:06 17:00', 17, 99),
('2022:02:06 18:00', 21, 98),
('2022:02:06 19:00', 18, 97),
('2022:02:06 20:00', 18, 98),
('2022:02:06 21:00', 18, 89),
('2022:02:06 22:00', 24, 96),
('2022:02:06 23:00', 18, 94),
('2022:02:07 00:00', 17, 96),
('2022:02:07 01:00', 17, 97),
('2022:02:07 02:00', 18, 96),
('2022:02:07 03:00', 21, 96),
('2022:02:07 04:00', 17, 96),
('2022:02:07 05:00', 18, 96),
('2022:02:07 06:00', 18, 98),
('2022:02:07 07:00', 18, 100),
('2022:02:07 08:00', 17, 100),
('2022:02:07 09:00', 17, 103),
('2022:02:07 10:00', 25, 103),
('2022:02:07 11:00', 18, 102),
('2022:02:07 12:00', 18, 102),
('2022:02:07 13:00', 17, 102),
('2022:02:07 14:00', 18, 96),
('2022:02:07 15:00', 18, 102),
('2022:02:07 16:00', 18, 101),
('2022:02:07 17:00', 18, 99),
('2022:02:07 18:00', 18, 104),
('2022:02:07 19:00', 27, 103),
('2022:02:07 20:00', 18, 103),
('2022:02:07 21:00', 18, 103),
('2022:02:07 22:00', 18, 103),
('2022:02:07 23:00', 18, 103),
('2022:02:08 00:00', 17, 102),
('2022:02:08 01:00', 18, 104),
('2022:02:08 02:00', 18, 105),
('2022:02:08 03:00', 27, 103),
('2022:02:08 04:00', 18, 103),
('2022:02:08 05:00', 27, 97),
('2022:02:08 06:00', 18, 103),
('2022:02:08 07:00', 18, 103),
('2022:02:08 08:00', 17, 104),
('2022:02:08 09:00', 17, 104),
('2022:02:08 10:00', 17, 103),
('2022:02:08 11:00', 28, 103),
('2022:02:08 12:00', 18, 102),
('2022:02:08 13:00', 18, 101),
('2022:02:08 14:00', 17, 102),
('2022:02:08 15:00', 27, 94),
('2022:02:08 16:00', 17, 101),
('2022:02:08 17:00', 17, 99),
('2022:02:08 18:00', 17, 90),
('2022:02:08 19:00', 28, 98),
('2022:02:08 20:00', 27, 98),
('2022:02:08 21:00', 18, 97),
('2022:02:08 22:00', 18, 96),
('2022:02:08 23:00', 18, 93),
('2022:02:09 00:00', 17, 91),
('2022:02:09 01:00', 18, 91),
('2022:02:09 02:00', 18, 89),
('2022:02:09 03:00', 18, 90),
('2022:02:09 04:00', 18, 82),
('2022:02:09 05:00', 18, 88),
('2022:02:09 06:00', 18, 89),
('2022:02:09 07:00', 17, 90),
('2022:02:09 08:00', 18, 94),
('2022:02:09 09:00', 18, 98),
('2022:02:09 10:00', 18, 99),
('2022:02:09 11:00', 17, 93),
('2022:02:09 12:00', 22, 96),
('2022:02:09 13:00', 17, 97),
('2022:02:09 14:00', 24, 90),
('2022:02:09 15:00', 18, 99),
('2022:02:09 16:00', 18, 99),
('2022:02:09 17:00', 18, 99),
('2022:02:09 18:00', 19, 94),
('2022:02:09 19:00', 18, 101),
('2022:02:09 20:00', 17, 98),
('2022:02:09 21:00', 17, 99),
('2022:02:09 22:00', 18, 98),
('2022:02:09 23:00', 17, 97);

-- --------------------------------------------------------

--
-- Структура таблицы `HourdataVel`
--

CREATE TABLE `HourdataVel` (
  `Hour` text NOT NULL,
  `Data25` float NOT NULL,
  `DataC02` float NOT NULL
) ENGINE=InnoDB DEFAULT CHARSET=latin1;

--
-- Дамп данных таблицы `HourdataVel`
--

INSERT INTO `HourdataVel` (`Hour`, `Data25`, `DataC02`) VALUES
('2022:02:06 02:00', 27, 126),
('2022:02:06 03:00', 27, 126),
('2022:02:06 04:00', 27, 126),
('2022:02:06 05:00', 27, 126),
('2022:02:06 06:00', 27, 126),
('2022:02:06 07:00', 27, 126),
('2022:02:06 08:00', 27, 126),
('2022:02:06 09:00', 27, 126),
('2022:02:06 10:00', 27, 126),
('2022:02:06 11:00', 27, 126),
('2022:02:06 12:00', 27, 126),
('2022:02:06 13:00', 27, 126),
('2022:02:06 14:00', 27, 126),
('2022:02:06 15:00', 27, 126),
('2022:02:06 16:00', 27, 126),
('2022:02:06 17:00', 27, 126),
('2022:02:06 18:00', 27, 126),
('2022:02:06 19:00', 27, 126),
('2022:02:06 20:00', 27, 126),
('2022:02:06 21:00', 27, 126),
('2022:02:06 22:00', 27, 126),
('2022:02:06 23:00', 12, 85),
('2022:02:07 00:00', 8, 73),
('2022:02:07 01:00', 8, 74),
('2022:02:07 02:00', 8, 72),
('2022:02:07 03:00', 8, 72),
('2022:02:07 04:00', 8, 68),
('2022:02:07 05:00', 8, 70),
('2022:02:07 06:00', 7, 72),
('2022:02:07 07:00', 8, 72),
('2022:02:07 08:00', 8, 72),
('2022:02:07 09:00', 8, 66),
('2022:02:07 10:00', 8, 66),
('2022:02:07 11:00', 8, 72),
('2022:02:07 12:00', 8, 66),
('2022:02:07 13:00', 8, 73),
('2022:02:07 14:00', 8, 74),
('2022:02:07 15:00', 8, 73),
('2022:02:07 16:00', 2, 72),
('2022:02:07 17:00', 8, 73),
('2022:02:07 18:00', 9, 72),
('2022:02:07 19:00', 8, 72),
('2022:02:07 20:00', 8, 72),
('2022:02:07 21:00', 9, 72),
('2022:02:07 22:00', 8, 70),
('2022:02:07 23:00', 3, 70),
('2022:02:08 00:00', 8, 63),
('2022:02:08 01:00', 8, 69),
('2022:02:08 02:00', 7, 68),
('2022:02:08 03:00', 9, 68),
('2022:02:08 04:00', 9, 69),
('2022:02:08 05:00', 8, 68),
('2022:02:08 06:00', 8, 68),
('2022:02:08 07:00', 7, 67),
('2022:02:08 08:00', 8, 69),
('2022:02:08 09:00', 8, 68),
('2022:02:08 10:00', 8, 66),
('2022:02:08 11:00', 9, 66),
('2022:02:08 12:00', 8, 63),
('2022:02:08 13:00', 7, 62),
('2022:02:08 14:00', 7, 60),
('2022:02:08 15:00', 8, 60),
('2022:02:08 16:00', 9, 57),
('2022:02:08 17:00', 9, 55),
('2022:02:08 18:00', 9, 57),
('2022:02:08 19:00', 9, 56),
('2022:02:08 20:00', 7, 49),
('2022:02:08 21:00', 8, 54),
('2022:02:08 22:00', 7, 49),
('2022:02:08 23:00', 7, 49),
('2022:02:09 00:00', 9, 79),
('2022:02:09 01:00', 21, 91),
('2022:02:09 02:00', 85, 84),
('2022:02:09 03:00', 85, 82),
('2022:02:09 04:00', 113, 81),
('2022:02:09 05:00', 113, 81),
('2022:02:09 06:00', 116, 81),
('2022:02:09 07:00', 81, 81),
('2022:02:09 08:00', 158, 98),
('2022:02:09 09:00', 101, 40),
('2022:02:09 10:00', 105, 40),
('2022:02:09 11:00', 108, 45),
('2022:02:09 12:00', 57, 56),
('2022:02:09 13:00', 105, 48),
('2022:02:09 14:00', 110, 48),
('2022:02:09 15:00', 111, 46),
('2022:02:09 16:00', 110, 48),
('2022:02:09 17:00', 114, 49),
('2022:02:09 18:00', 116, 48),
('2022:02:09 19:00', 118, 49),
('2022:02:09 20:00', 115, 45),
('2022:02:09 21:00', 114, 49),
('2022:02:09 22:00', 111, 46),
('2022:02:09 23:00', 111, 46);

-- --------------------------------------------------------

--
-- Структура таблицы `TempPresureHum`
--

CREATE TABLE `TempPresureHum` (
  `Hour` text NOT NULL,
  `Temp` float NOT NULL,
  `Hum` float NOT NULL,
  `Presure` int(11) NOT NULL
) ENGINE=InnoDB DEFAULT CHARSET=latin1;

--
-- Дамп данных таблицы `TempPresureHum`
--

INSERT INTO `TempPresureHum` (`Hour`, `Temp`, `Hum`, `Presure`) VALUES
('2022:02:06 02:00', -2.79, 97, 1012),
('2022:02:06 03:00', -2.14, 97, 1011),
('2022:02:06 04:00', -1.49, 97, 1011),
('2022:02:06 05:00', -0.75, 94, 1011),
('2022:02:06 06:00', -0.34, 88, 1011),
('2022:02:06 07:00', -2.22, 92, 1012),
('2022:02:06 08:00', -3.51, 93, 1012),
('2022:02:06 09:00', -4.67, 94, 1013),
('2022:02:06 10:00', -2.46, 94, 1013),
('2022:02:06 11:00', -1.33, 94, 1013),
('2022:02:06 12:00', -0.96, 95, 1014),
('2022:02:06 13:00', -0.85, 89, 1014),
('2022:02:06 14:00', -0.51, 87, 1014),
('2022:02:06 15:00', -0.3, 90, 1014),
('2022:02:06 16:00', -0.26, 90, 1014),
('2022:02:06 17:00', -0.33, 89, 1014),
('2022:02:06 18:00', -0.66, 90, 1014),
('2022:02:06 19:00', -0.99, 93, 1014),
('2022:02:06 20:00', -0.56, 91, 1014),
('2022:02:06 21:00', -2.03, 92, 1014),
('2022:02:06 22:00', -3.44, 93, 1014),
('2022:02:06 23:00', -5.72, 94, 1014),
('2022:02:07 00:00', -5.91, 94, 1014),
('2022:02:07 01:00', -5.6, 92, 1013),
('2022:02:07 02:00', -5.25, 91, 1013),
('2022:02:07 03:00', -4.76, 90, 1012),
('2022:02:07 04:00', -4.26, 90, 1011),
('2022:02:07 05:00', -4.37, 92, 1010),
('2022:02:07 06:00', -4.15, 94, 1010),
('2022:02:07 07:00', -3.61, 95, 1009),
('2022:02:07 08:00', -2.77, 95, 1009),
('2022:02:07 09:00', -1.9, 95, 1009),
('2022:02:07 10:00', -0.27, 96, 1008),
('2022:02:07 11:00', 0.24, 99, 1007),
('2022:02:07 12:00', 0.59, 100, 1007),
('2022:02:07 13:00', 0.86, 100, 1006),
('2022:02:07 14:00', 1.06, 100, 1006),
('2022:02:07 15:00', 1.23, 100, 1006),
('2022:02:07 16:00', 1.32, 100, 1006),
('2022:02:07 17:00', 1.25, 100, 1005),
('2022:02:07 18:00', 1.32, 99, 1004),
('2022:02:07 19:00', 1.3, 99, 1005),
('2022:02:07 20:00', 1.32, 98, 1004),
('2022:02:07 21:00', 1.3, 98, 1004),
('2022:02:07 22:00', 0.89, 96, 1004),
('2022:02:07 23:00', 0.93, 98, 1004),
('2022:02:08 00:00', 0.78, 99, 1004),
('2022:02:08 01:00', 0.63, 99, 1005),
('2022:02:08 02:00', 0.62, 100, 1004),
('2022:02:08 03:00', 0.55, 100, 1005),
('2022:02:08 04:00', 0.47, 100, 1005),
('2022:02:08 05:00', 0.31, 100, 1005),
('2022:02:08 06:00', 0.24, 100, 1005),
('2022:02:08 07:00', 0.19, 100, 1005),
('2022:02:08 08:00', 0.25, 99, 1006),
('2022:02:08 09:00', 0.41, 100, 1006),
('2022:02:08 10:00', 0.44, 100, 1007),
('2022:02:08 11:00', 0.46, 100, 1007),
('2022:02:08 12:00', 0.47, 100, 1008),
('2022:02:08 13:00', 0.42, 99, 1008),
('2022:02:08 14:00', 0.46, 99, 1009),
('2022:02:08 15:00', 0.47, 99, 1009),
('2022:02:08 16:00', 0.49, 99, 1010),
('2022:02:08 17:00', 0.39, 98, 1010),
('2022:02:08 18:00', 0.26, 98, 1011),
('2022:02:08 19:00', -0.08, 96, 1012),
('2022:02:08 20:00', -0.07, 93, 1012),
('2022:02:08 21:00', -0.44, 90, 1013),
('2022:02:08 22:00', -1.15, 93, 1013),
('2022:02:08 23:00', -1.66, 93, 1014),
('2022:02:09 00:00', -1.85, 89, 1014),
('2022:02:09 01:00', -2.09, 86, 1014),
('2022:02:09 02:00', -2.05, 82, 1014),
('2022:02:09 03:00', -2.07, 82, 1014),
('2022:02:09 04:00', -2.2, 87, 1014),
('2022:02:09 05:00', -1.97, 84, 1013),
('2022:02:09 06:00', -2, 86, 1013),
('2022:02:09 07:00', -2.07, 89, 1013),
('2022:02:09 08:00', -2.27, 90, 1013),
('2022:02:09 09:00', -2.66, 91, 1014),
('2022:02:09 10:00', -2.44, 92, 1014),
('2022:02:09 11:00', -1.37, 92, 1014),
('2022:02:09 12:00', -0.68, 92, 1014),
('2022:02:09 13:00', -0.23, 91, 1014),
('2022:02:09 14:00', 0.01, 92, 1014),
('2022:02:09 15:00', -0.04, 95, 1015),
('2022:02:09 16:00', -0.03, 95, 1015),
('2022:02:09 17:00', -0.02, 96, 1015),
('2022:02:09 18:00', 0.16, 98, 1016),
('2022:02:09 19:00', 0.58, 97, 1016),
('2022:02:09 20:00', 0.22, 96, 1017),
('2022:02:09 21:00', 0.47, 95, 1018),
('2022:02:09 22:00', 0.33, 96, 1018),
('2022:02:09 23:00', 0.11, 90, 1019);

-- --------------------------------------------------------

--
-- Структура таблицы `Userid`
--

CREATE TABLE `Userid` (
  `Id` int(11) NOT NULL,
  `Streetid` text CHARACTER SET utf8 COLLATE utf8_unicode_ci NOT NULL,
  `State` int(11) NOT NULL
) ENGINE=InnoDB DEFAULT CHARSET=latin1;

--
-- Дамп данных таблицы `Userid`
--

INSERT INTO `Userid` (`Id`, `Streetid`, `State`) VALUES
(567787563, 'gromad', 1),
(711072733, 'shevch', 1);

-- --------------------------------------------------------

--
-- Структура таблицы `UserStreetid`
--

CREATE TABLE `UserStreetid` (
  `Id` int(11) NOT NULL,
  `Streetid` text CHARACTER SET latin1 COLLATE latin1_spanish_ci NOT NULL
) ENGINE=InnoDB DEFAULT CHARSET=latin1;

--
-- Дамп данных таблицы `UserStreetid`
--

INSERT INTO `UserStreetid` (`Id`, `Streetid`) VALUES
(567787563, 'gromad'),
(711072733, 'shevch'),
(938167072, 'velyko');

--
-- Индексы сохранённых таблиц
--

--
-- Индексы таблицы `Userid`
--
ALTER TABLE `Userid`
  ADD PRIMARY KEY (`Id`);

--
-- Индексы таблицы `UserStreetid`
--
ALTER TABLE `UserStreetid`
  ADD PRIMARY KEY (`Id`);
COMMIT;

/*!40101 SET CHARACTER_SET_CLIENT=@OLD_CHARACTER_SET_CLIENT */;
/*!40101 SET CHARACTER_SET_RESULTS=@OLD_CHARACTER_SET_RESULTS */;
/*!40101 SET COLLATION_CONNECTION=@OLD_COLLATION_CONNECTION */;
